dataset,batch_size,layer,top-n,precision,recall,f1
ml-1m,4,3,5,0.08650662251655629,0.08774834437086093,0.0869205298013245
ml-1m,4,3,10,0.2478062913907285,0.2599337748344371,0.25193748029012925
ml-1m,4,3,15,0.3620309050772627,0.3956953642384106,0.3731124513823189
ml-1m,4,3,20,0.4530658703878902,0.5033112582781457,0.4697572570916941
ml-1m,4,3,25,0.5182228804124499,0.5894039735099338,0.5423509522215518
ml-1m,4,3,30,0.5676266820927416,0.6548013245033113,0.5978337748664696
ml-1m,4,3,35,0.6034825549726212,0.7052980132450332,0.6390424344014126
ml-1m,4,3,5,0.14997240618101546,0.15314569536423842,0.1510485651214128
ml-1m,4,3,10,0.2864652317880795,0.3029801324503311,0.29215809944286764
ml-1m,4,3,15,0.4040809287291075,0.4437086092715232,0.4176377568347767
ml-1m,4,3,20,0.474502654262588,0.5314569536423841,0.4944234917951805
ml-1m,4,3,25,0.5185330122416215,0.5960264900662252,0.5454715129951685
ml-1m,4,3,30,0.5523613941246391,0.6465231788079471,0.585266944527698
ml-1m,4,3,35,0.5940079390483558,0.7011589403973509,0.631262593960509
ml-1m,4,3,5,0.02814569536423841,0.02814569536423841,0.02814569536423841
ml-1m,4,3,10,0.1546633554083885,0.1597682119205298,0.15640176600441502
ml-1m,4,3,15,0.2955022075055188,0.3178807947019868,0.3030497739934826
ml-1m,4,3,20,0.3822019867549669,0.4271523178807947,0.3971521625909043
ml-1m,4,3,25,0.4503649611058552,0.5190397350993378,0.4734441882620691
ml-1m,4,3,30,0.5156305545999255,0.6043046357615894,0.5457106803997629
ml-1m,4,3,35,0.5625110763635792,0.6630794701986755,0.5976365031755118
ml-1m,4,3,5,0.04801324503311258,0.04801324503311258,0.04801324503311258
ml-1m,4,3,10,0.17508278145695366,0.17798013245033112,0.1760485651214128
ml-1m,4,3,15,0.3042632450331125,0.3195364238410596,0.3092623252391464
ml-1m,4,3,20,0.39489908546199937,0.43460264900662254,0.4080470623930889
ml-1m,4,3,25,0.4703162777252181,0.5339403973509934,0.4917992557479312
ml-1m,4,3,30,0.5257972642699464,0.6092715231788081,0.5538293016769839
ml-1m,4,3,35,0.558525444845809,0.6548013245033113,0.5916513733278388
ml-1m,4,3,5,0.17735927152317882,0.1804635761589404,0.17831125827814567
ml-1m,4,3,10,0.3549944812362031,0.38079470198675497,0.3636510564490697
ml-1m,4,3,15,0.4541410438347523,0.5008278145695364,0.4701431203086832
ml-1m,4,3,20,0.5138672080311153,0.5836092715231788,0.5381026029644373
ml-1m,4,3,25,0.5593161690222948,0.6440397350993378,0.589052822494648
ml-1m,4,3,30,0.5814588465250716,0.6854304635761589,0.6178073680473858
ml-1m,4,3,35,0.607692693257132,0.7193708609271523,0.6472983804864046
ml-1m,4,3,5,0.11975717439293596,0.12251655629139073,0.12069536423841055
ml-1m,4,3,10,0.2854718543046358,0.3038079470198676,0.2914945337958583
ml-1m,4,3,15,0.397682119205298,0.4370860927152318,0.4108771011916707
ml-1m,4,3,20,0.4865703510984968,0.5480132450331126,0.5078665547865977
ml-1m,4,3,25,0.5486704199038636,0.6274834437086093,0.5756195707184215
ml-1m,4,3,30,0.5882895319360552,0.6854304635761589,0.6220639589437527
ml-1m,4,3,35,0.6213044126208812,0.7350993377483444,0.6607818310309211
ml-1m,4,3,5,0.05642935982339955,0.05794701986754967,0.05695364238410596
ml-1m,4,3,10,0.20626379690949226,0.21605960264900664,0.20963024282560705
ml-1m,4,3,15,0.31512831125827817,0.3402317880794702,0.3235534471047716
ml-1m,4,3,20,0.4153993219804478,0.4586092715231788,0.4300778669886578
ml-1m,4,3,25,0.473489238410596,0.5355960264900662,0.4946258398179799
ml-1m,4,3,30,0.513224636382749,0.5951986754966887,0.5409633662292664
ml-1m,4,3,35,0.5540533073438703,0.6539735099337748,0.5881474367419995
ml-1m,4,3,5,0.09478476821192053,0.09602649006622516,0.09519867549668874
ml-1m,4,3,10,0.2779111479028698,0.29387417218543044,0.28321376011773364
ml-1m,4,3,15,0.3994619205298013,0.4403973509933775,0.4130600589623769
ml-1m,4,3,20,0.4868742116051718,0.5480132450331126,0.5074810629032483
ml-1m,4,3,25,0.5296117812467149,0.6117549668874173,0.5573506630418882
ml-1m,4,3,30,0.5731417014736551,0.6713576158940397,0.6063794660936651
ml-1m,4,3,35,0.599871791655732,0.7102649006622517,0.6378328744808177
ml-1m,4,3,5,0.08567880794701986,0.0869205298013245,0.08606512141280354
ml-1m,4,3,10,0.21986754966887406,0.2317880794701987,0.2239770577105014
ml-1m,4,3,15,0.3203859192683696,0.3493377483443709,0.3300171177240714
ml-1m,4,3,20,0.3915382240092505,0.4403973509933775,0.4073012858024545
ml-1m,4,3,25,0.4565190397350993,0.5215231788079471,0.4783479530954696
ml-1m,4,3,30,0.4931313559941335,0.5711920529801324,0.51952760739722
ml-1m,4,3,35,0.5251320928887154,0.6167218543046358,0.5566566470762953
ml-1m,4,3,5,0.1038907284768212,0.10513245033112582,0.1043046357615894
ml-1m,4,3,10,0.2935430463576159,0.3087748344370861,0.2987011195206559
ml-1m,4,3,15,0.4181015452538632,0.4627483443708609,0.432951200749214
ml-1m,4,3,20,0.4938196415431514,0.5620860927152318,0.5166053417538614
ml-1m,4,3,25,0.5440174569727549,0.6341059602649006,0.5745245397407583
ml-1m,4,3,30,0.5801381151960622,0.6804635761589404,0.6147202422974251
ml-1m,4,3,35,0.6079458678279042,0.722682119205298,0.6478174663916021
ml-1m,8,3,5,0.2569674392935982,0.2673841059602649,0.2604225796278777
ml-1m,8,3,10,0.4191343424787133,0.4528145695364239,0.4307350164552151
ml-1m,8,3,15,0.525982865552402,0.5811258278145696,0.5454063130253722
ml-1m,8,3,20,0.5962211009189486,0.6688741721854304,0.6222674139628577
ml-1m,8,3,25,0.6387369674864805,0.7268211920529801,0.6711398157296503
ml-1m,8,3,30,0.6660274263458914,0.7682119205298014,0.7034238087801392
ml-1m,8,3,35,0.6849946722889679,0.7955298013245033,0.7256642853080418
ml-1m,8,3,5,0.309326710816777,0.3187086092715232,0.3125670135603911
ml-1m,8,3,10,0.4574641280353201,0.4933774834437086,0.4698235309576369
ml-1m,8,3,15,0.5446224902764638,0.6026490066225165,0.5646870123070454
ml-1m,8,3,20,0.6084034228280917,0.6837748344370861,0.6351089262952639
ml-1m,8,3,25,0.6456225031866588,0.7367549668874173,0.6784486162149092
ml-1m,8,3,30,0.6733757033529385,0.7781456953642384,0.7112408070147768
ml-1m,8,3,35,0.6841231228710541,0.8021523178807947,0.7269509104360886
ml-1m,8,3,5,0.2875965783664459,0.2947019867549669,0.2900031535793125
ml-1m,8,3,10,0.4783388520971302,0.5165562913907285,0.4914576823103313
ml-1m,8,3,15,0.5639358640807316,0.6283112582781457,0.5864514969026559
ml-1m,8,3,20,0.6176571175329454,0.7011589403973509,0.6468055790224305
ml-1m,8,3,25,0.6595436824948414,0.7566225165562914,0.693857254215082
ml-1m,8,3,30,0.6820459954968929,0.7922185430463576,0.7215596416982618
ml-1m,8,3,35,0.6984734769445511,0.8145695364238411,0.7408258708183707
ml-1m,8,3,5,0.26959161147902866,0.28311258278145696,0.2740894039735099
ml-1m,8,3,10,0.4400248344370861,0.4801324503311258,0.4535855241153254
ml-1m,8,3,15,0.5426948649216862,0.6043046357615894,0.5644029459913761
ml-1m,8,3,20,0.6162282437944689,0.6937086092715232,0.6443093575719336
ml-1m,8,3,25,0.6507983979320899,0.7425496688741722,0.6841728258919919
ml-1m,8,3,30,0.6780160717851973,0.7822847682119205,0.7162310665074698
ml-1m,8,3,35,0.6996125314898902,0.8120860927152318,0.7413004257320357
ml-1m,8,3,5,0.3998758278145695,0.42549668874172186,0.4086316093766425
ml-1m,8,3,10,0.5424481630400505,0.5985099337748344,0.5621122255228216
ml-1m,8,3,15,0.6147996640960217,0.6937086092715232,0.6431727752703241
ml-1m,8,3,20,0.6594616269492097,0.7549668874172185,0.6944100963203517
ml-1m,8,3,25,0.6859020515094316,0.7988410596026491,0.7270230351133702
ml-1m,8,3,30,0.7143110989390886,0.8377483443708609,0.7596023770459222
ml-1m,8,3,35,0.7236285007399572,0.8551324503311258,0.7721118248969653
ml-1m,8,3,5,0.34223233995584984,0.35596026490066224,0.3469016083254494
ml-1m,8,3,10,0.4981827499211604,0.5380794701986755,0.5123175849169227
ml-1m,8,3,15,0.5929773730684326,0.6572847682119205,0.6162391892183477
ml-1m,8,3,20,0.6419126265566663,0.722682119205298,0.671786441886485
ml-1m,8,3,25,0.6785058082553943,0.7748344370860927,0.7137351186382651
ml-1m,8,3,30,0.6924072281575407,0.8029801324503312,0.7329198949880136
ml-1m,8,3,35,0.7116316936953803,0.831953642384106,0.7559718488578746
ml-1m,8,3,5,0.33257450331125826,0.3476821192052981,0.3375748975086723
ml-1m,8,3,10,0.5162093976663513,0.5587748344370861,0.5306100264709536
ml-1m,8,3,15,0.5964031875041809,0.6663907284768212,0.6213327588364109
ml-1m,8,3,20,0.6440944058700682,0.7301324503311258,0.6755761144611533
ml-1m,8,3,25,0.6829737614298873,0.7822847682119205,0.7194578298228204
ml-1m,8,3,30,0.7002261919638986,0.8087748344370861,0.7401562486420865
ml-1m,8,3,35,0.7212429311465536,0.8360927152317881,0.7640310856418822
ml-1m,8,3,5,0.296219646799117,0.3087748344370861,0.30049668874172186
ml-1m,8,3,10,0.4740263323872596,0.5091059602649006,0.4861757861343953
ml-1m,8,3,15,0.5739704280267194,0.6299668874172185,0.5940790745743024
ml-1m,8,3,20,0.6234899849966076,0.7011589403973509,0.6505736981921489
ml-1m,8,3,25,0.6520067450944934,0.7433774834437086,0.6845155302121524
ml-1m,8,3,30,0.678796971280934,0.7839403973509934,0.7169330873122222
ml-1m,8,3,35,0.7053064880968511,0.8178807947019867,0.7462978269334876
ml-1m,8,3,5,0.2709713024282561,0.2847682119205298,0.2754690949227373
ml-1m,8,3,10,0.4729028697571744,0.5140728476821192,0.48710508586336404
ml-1m,8,3,15,0.5750275938189845,0.6440397350993378,0.5987374702192584
ml-1m,8,3,20,0.6322293715298682,0.7160596026490066,0.6620634837651681
ml-1m,8,3,25,0.6662997790310802,0.7599337748344371,0.7002774398484449
ml-1m,8,3,30,0.6890779374464635,0.7988410596026491,0.7290200433552917
ml-1m,8,3,35,0.7079692974576376,0.8261589403973509,0.7513417768359286
ml-1m,8,3,5,0.34581953642384106,0.3634105960264901,0.3517581204667297
ml-1m,8,3,10,0.5090665405234942,0.5645695364238411,0.5282015997247785
ml-1m,8,3,15,0.5933065279091769,0.6688741721854304,0.6198918034622471
ml-1m,8,3,20,0.6465647693917561,0.7367549668874173,0.6795089143181966
ml-1m,8,3,25,0.6788624363127674,0.7798013245033113,0.7160639166225973
ml-1m,8,3,30,0.7069428764621485,0.8236754966887417,0.7496055660138283
ml-1m,8,3,35,0.7212810664881549,0.8485099337748344,0.7683009677211883
ml-1m,16,3,5,0.5280215231788079,0.5637417218543046,0.5404118048985599
ml-1m,16,3,10,0.6416890045201303,0.7077814569536424,0.6654959731812575
ml-1m,16,3,15,0.6956335675913491,0.7831125827814569,0.7271023033306742
ml-1m,16,3,20,0.7308820989668039,0.8360927152317881,0.7691747739694538
ml-1m,16,3,25,0.7560843484416722,0.8708609271523179,0.7984401551696072
ml-1m,16,3,30,0.7640418653634605,0.8932119205298014,0.8121201616117154
ml-1m,16,3,35,0.7782419778402953,0.9130794701986756,0.8290610118175242
ml-1m,16,3,5,0.5257450331125828,0.5678807947019867,0.5405931357090298
ml-1m,16,3,10,0.6319207925996005,0.7086092715231788,0.6595954077303902
ml-1m,16,3,15,0.6884040352583399,0.7872516556291391,0.7236927536077944
ml-1m,16,3,20,0.7134750959905567,0.8311258278145696,0.7562304987919094
ml-1m,16,3,25,0.7301162173891771,0.8576158940397351,0.7769911643757649
ml-1m,16,3,30,0.7388802443375455,0.8758278145695364,0.7899175629327919
ml-1m,16,3,35,0.7499531352125798,0.8965231788079471,0.8047286635731523
ml-1m,16,3,5,0.4956815673289183,0.5405629139072847,0.5108811626195732
ml-1m,16,3,10,0.6094357721013349,0.6846026490066225,0.636447205471499
ml-1m,16,3,15,0.6575912773760456,0.7574503311258278,0.6931914323997874
ml-1m,16,3,20,0.6973639834904648,0.8129139072847682,0.7393881280212429
ml-1m,16,3,25,0.7160119185998867,0.8394039735099338,0.7618242179435987
ml-1m,16,3,30,0.7307554384783361,0.8559602649006622,0.7781756672738827
ml-1m,16,3,35,0.7471363199329238,0.8841059602649006,0.7991403327709327
ml-1m,16,3,5,0.5309740618101545,0.5769867549668874,0.5466427520235467
ml-1m,16,3,10,0.6477284374014506,0.7268211920529801,0.6758852657481895
ml-1m,16,3,15,0.7011005389937509,0.8046357615894041,0.7389548867023792
ml-1m,16,3,20,0.7284317776648318,0.8443708609271523,0.7717584905922097
ml-1m,16,3,25,0.7489771257406848,0.875,0.7956451539099432
ml-1m,16,3,30,0.7590453869166869,0.8932119205298014,0.8093972760259731
ml-1m,16,3,35,0.7653547113469263,0.9081125827814568,0.8193210864415509
ml-1m,16,3,5,0.4884243929359823,0.5281456953642384,0.5020616524755598
ml-1m,16,3,10,0.6210222195942394,0.6937086092715232,0.6465026006002828
ml-1m,16,3,15,0.674678839372548,0.7756622516556292,0.7104927711872836
ml-1m,16,3,20,0.6944942656491887,0.8104304635761589,0.7365862818880181
ml-1m,16,3,25,0.7106559578526971,0.8360927152317881,0.7564695485272701
ml-1m,16,3,30,0.7355131772510466,0.8725165562913907,0.7860561837940504
ml-1m,16,3,35,0.7511864899214602,0.8923841059602649,0.8039421448442831
ml-1m,16,3,5,0.502621412803532,0.5405629139072847,0.5158992957006202
ml-1m,16,3,10,0.6033368811100599,0.6870860927152318,0.6328504017234847
ml-1m,16,3,15,0.6659203448317687,0.7690397350993378,0.7028375979347641
ml-1m,16,3,20,0.6997421620954685,0.8170529801324503,0.742401404972313
ml-1m,16,3,25,0.7261950091677221,0.8518211920529801,0.7723370976653845
ml-1m,16,3,30,0.7400527572225369,0.8783112582781457,0.7911063951049159
ml-1m,16,3,35,0.7482555943482747,0.8932119205298014,0.8025480678610571
ml-1m,16,3,5,0.5154111479028697,0.5645695364238411,0.5322046147377274
ml-1m,16,3,10,0.6353043204036581,0.7177152317880795,0.6643323634120284
ml-1m,16,3,15,0.687969081139611,0.793046357615894,0.7259821935790727
ml-1m,16,3,20,0.7176123917608382,0.8427152317880795,0.7630602275581952
ml-1m,16,3,25,0.7429444477398776,0.8791390728476821,0.793312207098197
ml-1m,16,3,30,0.7594703805643721,0.906456953642384,0.8137208096539451
ml-1m,16,3,35,0.7627013214862781,0.9172185430463576,0.8197999312951462
ml-1m,16,3,5,0.4832643487858719,0.5215231788079471,0.4962222747818775
ml-1m,16,3,10,0.617560509303059,0.6862582781456954,0.6421954930646984
ml-1m,16,3,15,0.6724003484558121,0.7607615894039735,0.7047135513438212
ml-1m,16,3,20,0.7034870759731979,0.8079470198675497,0.7419793308871371
ml-1m,16,3,25,0.7281582859989333,0.847682119205298,0.7723611143132351
ml-1m,16,3,30,0.7384273000334524,0.8683774834437086,0.7870593964147728
ml-1m,16,3,35,0.7431300315243883,0.8816225165562914,0.7954392959848617
ml-1m,16,3,5,0.4643349889624724,0.4925496688741722,0.4741406496373383
ml-1m,16,3,10,0.6117608798486281,0.6655629139072847,0.6308476383807509
ml-1m,16,3,15,0.6690744570918412,0.7508278145695364,0.6984938371112207
ml-1m,16,3,20,0.7000709945867231,0.8013245033112583,0.7368780028560702
ml-1m,16,3,25,0.7216261757695358,0.8336092715231788,0.7626195859616379
ml-1m,16,3,30,0.7376467071404459,0.8634105960264901,0.7839580370152791
ml-1m,16,3,35,0.7560768005138532,0.890728476821192,0.8057366105373279
ml-1m,16,3,5,0.4889486754966888,0.527317880794702,0.5023264217386734
ml-1m,16,3,10,0.6010824003994533,0.6771523178807947,0.6286916458957086
ml-1m,16,3,15,0.6727516114312472,0.765728476821192,0.7070707269098869
ml-1m,16,3,20,0.6987293639167178,0.8079470198675497,0.7390011393398273
ml-1m,16,3,25,0.7261445263954853,0.8485099337748344,0.7709979658864675
ml-1m,16,3,30,0.7387892664787556,0.8708609271523179,0.787708153637487
ml-1m,16,3,35,0.7498116809724525,0.8899006622516556,0.8019479640657536
ml-1m,32,3,5,0.4813603752759382,0.5206953642384106,0.4949595290654893
ml-1m,32,3,10,0.6063853411121624,0.6771523178807947,0.6311685402367619
ml-1m,32,3,15,0.665757028567459,0.75,0.6968947255375916
ml-1m,32,3,20,0.7073365397290455,0.8104304635761589,0.7453438543686228
ml-1m,32,3,25,0.7260194003425081,0.8435430463576159,0.7698140459720199
ml-1m,32,3,30,0.7448036618489046,0.8725165562913907,0.793309810994213
ml-1m,32,3,35,0.7616056681974888,0.8965231788079471,0.8129216111153205
ml-1m,32,3,5,0.5179773730684327,0.5645695364238411,0.5341867707347839
ml-1m,32,3,10,0.6373143987175444,0.7193708609271523,0.6666291911568499
ml-1m,32,3,15,0.6874711679968302,0.7905629139072847,0.7253910034246569
ml-1m,32,3,20,0.7233149533202521,0.8402317880794702,0.7665678785346653
ml-1m,32,3,25,0.7456407002460692,0.8733443708609272,0.7936329211993384
ml-1m,32,3,30,0.7591898730781519,0.8940397350993378,0.810019516267765
ml-1m,32,3,35,0.7710310262790455,0.9114238410596026,0.8243847546719846
ml-1m,32,3,5,0.4795253863134658,0.5198675496688742,0.4928472879217912
ml-1m,32,3,10,0.6005075291706087,0.6812913907284768,0.6289528383521859
ml-1m,32,3,15,0.6596285911476308,0.7615894039735099,0.6969870560485127
ml-1m,32,3,20,0.6898460257751643,0.8112582781456954,0.7343140629237782
ml-1m,32,3,25,0.7166885338958155,0.8518211920529801,0.7662906818297405
ml-1m,32,3,30,0.7296100417982433,0.8708609271523179,0.781716938295497
ml-1m,32,3,35,0.7400783220468932,0.8890728476821192,0.7955194023902306
ml-1m,32,3,5,0.4896385209713025,0.5322847682119205,0.5044885945548198
ml-1m,32,3,10,0.6183337932303163,0.6995033112582781,0.6466854153940247
ml-1m,32,3,15,0.6736501862743584,0.777317880794702,0.7104164120685685
ml-1m,32,3,20,0.7111715074195596,0.8302980132450332,0.7545487959785868
ml-1m,32,3,25,0.733441932879602,0.8650662251655629,0.7814492315775319
ml-1m,32,3,30,0.7461598245798979,0.8874172185430463,0.7978867244571334
ml-1m,32,3,35,0.7569298480794694,0.9039735099337748,0.8114114431711663
ml-1m,32,3,5,0.519605408388521,0.5653973509933775,0.5350743719121203
ml-1m,32,3,10,0.6360634789235783,0.7110927152317881,0.6626405000552839
ml-1m,32,3,15,0.6877576548727211,0.7880794701986755,0.7243712594101558
ml-1m,32,3,20,0.7223910349846766,0.8377483443708609,0.7651334597445368
ml-1m,32,3,25,0.7470143567575679,0.8774834437086093,0.7950909679804914
ml-1m,32,3,30,0.7647024886617589,0.9014900662251656,0.8158195629551048
ml-1m,32,3,35,0.7667756503189237,0.9155629139072848,0.8224747938458671
ml-1m,32,3,5,0.5018763796909492,0.5447019867549668,0.5166692946494271
ml-1m,32,3,10,0.6264900662251656,0.7019867549668874,0.6533754365185818
ml-1m,32,3,15,0.6790144113612657,0.7756622516556292,0.7140212314884241
ml-1m,32,3,20,0.7088468889234683,0.8187086092715232,0.7491811457295859
ml-1m,32,3,25,0.728020480017481,0.8518211920529801,0.7735145549267194
ml-1m,32,3,30,0.7530342602538235,0.8874172185430463,0.803462015346996
ml-1m,32,3,35,0.7586247068050443,0.902317880794702,0.8129293424582369
ml-1m,32,3,5,0.4591473509933775,0.5008278145695364,0.4733246609902239
ml-1m,32,3,10,0.5976335015242299,0.668046357615894,0.6227604403344568
ml-1m,32,3,15,0.6698116613886481,0.7607615894039735,0.7024807637019835
ml-1m,32,3,20,0.6994746961224315,0.8104304635761589,0.7394392077774883
ml-1m,32,3,25,0.7171759168611616,0.8443708609271523,0.7637408712049236
ml-1m,32,3,30,0.7312176898448055,0.8708609271523179,0.7823423025859575
ml-1m,32,3,35,0.7462407097483116,0.8956953642384106,0.8015164497953272
ml-1m,32,3,5,0.5129277041942605,0.5562913907284768,0.5279814464417113
ml-1m,32,3,10,0.6298013245033112,0.7061258278145696,0.6573580599863712
ml-1m,32,3,15,0.6818733763477139,0.7814569536423841,0.7179830982420146
ml-1m,32,3,20,0.7205481525437943,0.8344370860927153,0.763376936127121
ml-1m,32,3,25,0.7405597474331392,0.8700331125827815,0.7895042757825438
ml-1m,32,3,30,0.7477904198621802,0.8890728476821192,0.8009492078828379
ml-1m,32,3,35,0.7558604156698802,0.9048013245033112,0.8120744423226595
ml-1m,32,3,5,0.4928532008830022,0.5322847682119205,0.5063032166508987
ml-1m,32,3,10,0.6273320062020392,0.6978476821192053,0.652432757292644
ml-1m,32,3,15,0.6852389493324923,0.7789735099337748,0.7190680736850129
ml-1m,32,3,20,0.7155859826718319,0.8236754966887417,0.7555513765847951
ml-1m,32,3,25,0.7380249515899621,0.8617549668874173,0.7844004640199963
ml-1m,32,3,30,0.7621743467439249,0.8948675496688742,0.8123647516267222
ml-1m,32,3,35,0.7717040166574582,0.9105960264900662,0.8246986727623193
ml-1m,32,3,5,0.4830849889624724,0.5231788079470199,0.49688124145905604
ml-1m,32,3,10,0.6184333280773677,0.6920529801324503,0.644279247003859
ml-1m,32,3,15,0.6679665556114232,0.7640728476821192,0.7028691547341951
ml-1m,32,3,20,0.7029247172236441,0.8162251655629139,0.7445340013838438
ml-1m,32,3,25,0.727486340340347,0.8543046357615894,0.7736521093452099
ml-1m,32,3,30,0.7356540007066699,0.8766556291390728,0.7870531269943318
ml-1m,32,3,35,0.7455145662736256,0.8956953642384106,0.8007500764216604
ml-1m,64,3,5,0.5139072847682119,0.5554635761589404,0.5282902344160622
ml-1m,64,3,10,0.6133731472721539,0.6887417218543046,0.6409343219033647
ml-1m,64,3,15,0.6739833267358101,0.7723509933774835,0.7102115842122597
ml-1m,64,3,20,0.7008939587972813,0.8153973509933775,0.7433818057651562
ml-1m,64,3,25,0.7357454572078843,0.8650662251655629,0.7836715518220757
ml-1m,64,3,30,0.7494316446072535,0.8865894039735099,0.8008837611267091
ml-1m,64,3,35,0.7592843493314262,0.902317880794702,0.8131716541484222
ml-1m,64,3,5,0.5406043046357616,0.5985099337748344,0.5608062651109008
ml-1m,64,3,10,0.6680365026805425,0.7549668874172185,0.6995470929893536
ml-1m,64,3,15,0.7136602153365399,0.8228476821192053,0.7537983096608782
ml-1m,64,3,20,0.7445521851518765,0.8716887417218543,0.7911976198131938
ml-1m,64,3,25,0.7618897903895968,0.902317880794702,0.8139437786898821
ml-1m,64,3,30,0.7770482247509859,0.9238410596026492,0.8323066946275552
ml-1m,64,3,35,0.7822263847474568,0.9362582781456954,0.8409354529981438
ml-1m,64,3,5,0.5280077262693157,0.5703642384105961,0.5420050194470724
ml-1m,64,3,10,0.6442430752654263,0.7152317880794702,0.6698000691890753
ml-1m,64,3,15,0.6980254362083832,0.7913907284768212,0.7315861375298299
ml-1m,64,3,20,0.7232629397449714,0.831953642384106,0.7634259229291211
ml-1m,64,3,25,0.7483787669392646,0.8667218543046358,0.7930966417595801
ml-1m,64,3,30,0.7657494925183177,0.8932119205298014,0.8143798144518666
ml-1m,64,3,35,0.7788019495437054,0.9155629139072848,0.8310904810400397
ml-1m,64,3,5,0.5437913907284768,0.5844370860927153,0.5578432145485126
ml-1m,64,3,10,0.6494579785556607,0.7284768211920529,0.6781735787640053
ml-1m,64,3,15,0.7077576213337802,0.8104304635761589,0.7457453159749646
ml-1m,64,3,20,0.7378116767554828,0.8551324503311258,0.7819117833202343
ml-1m,64,3,25,0.7539526856238344,0.8816225165562914,0.8024428286305693
ml-1m,64,3,30,0.7717329674268675,0.9056291390728476,0.8232415544540838
ml-1m,64,3,35,0.7828645453046669,0.9221854304635762,0.8367219326125438
ml-1m,64,3,5,0.5256484547461369,0.5695364238410596,0.5409249185325344
ml-1m,64,3,10,0.6457433249237885,0.7210264900662252,0.6728342060265589
ml-1m,64,3,15,0.6969513860863199,0.7947019867549668,0.7328573504792205
ml-1m,64,3,20,0.736037637673917,0.8501655629139073,0.7784107094254449
ml-1m,64,3,25,0.7643033764576866,0.890728476821192,0.8118531018711103
ml-1m,64,3,30,0.7777910814732516,0.9155629139072848,0.8300022270091189
ml-1m,64,3,35,0.7837687923683642,0.9329470198675496,0.8404282924392609
ml-1m,64,3,5,0.4428118101545255,0.484271523178808,0.4566980710606538
ml-1m,64,3,10,0.5902163486807527,0.6672185430463576,0.6171933376269663
ml-1m,64,3,15,0.6474675136305931,0.7458609271523179,0.6835943398016504
ml-1m,64,3,20,0.6894619228405019,0.8087748344370861,0.7337071789536153
ml-1m,64,3,25,0.7051391254546355,0.8369205298013245,0.7543963394975571
ml-1m,64,3,30,0.7179901849835723,0.8609271523178808,0.7714182354564473
ml-1m,64,3,35,0.7303122314093629,0.8791390728476821,0.7866637624917907
ml-1m,64,3,5,0.5009381898454746,0.5471854304635762,0.5170740039945337
ml-1m,64,3,10,0.6263277882897089,0.7011589403973509,0.6537962360919607
ml-1m,64,3,15,0.6901001431423617,0.7872516556291391,0.7266249876017664
ml-1m,64,3,20,0.7265986574645759,0.8451986754966887,0.7707547219137423
ml-1m,64,3,25,0.7485656740175608,0.8799668874172185,0.7979778452453494
ml-1m,64,3,30,0.7618970289344464,0.9006622516556292,0.81423257368164
ml-1m,64,3,35,0.7697457823597548,0.918046357615894,0.8255534334519928
ml-1m,64,3,5,0.5433498896247241,0.5877483443708609,0.5589923000105119
ml-1m,64,3,10,0.6556843267108168,0.734271523178808,0.6844753185294443
ml-1m,64,3,15,0.7023830979542901,0.8004966887417219,0.7391279669560612
ml-1m,64,3,20,0.7323359917502041,0.8509933774834437,0.7773772622769926
ml-1m,64,3,25,0.7587397268774391,0.8857615894039735,0.8073528424510688
ml-1m,64,3,30,0.7737936173920354,0.9081125827814568,0.8252185105313203
ml-1m,64,3,35,0.7804826924004737,0.9230132450331126,0.8351907899502058
ml-1m,64,3,5,0.552317880794702,0.6034768211920529,0.5701382318931989
ml-1m,64,3,10,0.6604268500998633,0.7466887417218543,0.6914238599904209
ml-1m,64,3,15,0.7199332147800691,0.8302980132450332,0.7596639705517645
ml-1m,64,3,20,0.7509900354202337,0.875,0.7969803732436838
ml-1m,64,3,25,0.7753784298955225,0.9097682119205298,0.8259910709900282
ml-1m,64,3,30,0.7847773015782222,0.9279801324503312,0.8389612943249105
ml-1m,64,3,35,0.7906464640788182,0.9420529801324504,0.848274514664593
ml-1m,64,3,5,0.5597820088300219,0.6100993377483444,0.5773303637128139
ml-1m,64,3,10,0.6732070587616945,0.7524834437086093,0.7030091010686063
ml-1m,64,3,15,0.7181234925854131,0.8170529801324503,0.7551380364465868
ml-1m,64,3,20,0.7412105984376695,0.8543046357615894,0.7840245012674668
ml-1m,64,3,25,0.7582931684260035,0.8865894039735099,0.8068626324775435
ml-1m,64,3,30,0.7676209507787822,0.9072847682119204,0.8206006897689017
ml-1m,64,3,35,0.7709141253994688,0.9205298013245032,0.8282030777832315
ml-1m,128,3,5,0.6325331125827813,0.7152317880794702,0.6618443183012719
ml-1m,128,3,10,0.6964827735730054,0.831953642384106,0.7455707172818843
ml-1m,128,3,15,0.7134788202048136,0.8733443708609272,0.7713486028359979
ml-1m,128,3,20,0.7197477712354668,0.8940397350993378,0.7830443714170511
ml-1m,128,3,25,0.7236355841011537,0.9105960264900662,0.7912144207742097
ml-1m,128,3,30,0.7291493949222961,0.9230132450331126,0.7996385829376716
ml-1m,128,3,35,0.7227114314300427,0.9263245033112584,0.7970747475359979
ml-1m,128,3,5,0.7020005518763797,0.7831125827814569,0.7305897193314412
ml-1m,128,3,10,0.7703724508567223,0.8940397350993378,0.8148921175098569
ml-1m,128,3,15,0.7877123290616668,0.9321192052980132,0.8413146034950606
ml-1m,128,3,20,0.7923517174944387,0.9528145695364238,0.8523728679711965
ml-1m,128,3,25,0.7930115774000869,0.9660596026490066,0.8579612754804012
ml-1m,128,3,30,0.7964570774719139,0.97682119205298,0.8645363949608351
ml-1m,128,3,35,0.7933691933757988,0.9809602649006622,0.8646095703900248
ml-1m,128,3,5,0.3776076158940397,0.4230132450331126,0.3927769893829497
ml-1m,128,3,10,0.4866209397666351,0.581953642384106,0.5178004092118331
ml-1m,128,3,15,0.553315953729861,0.6812913907284768,0.594776683448182
ml-1m,128,3,20,0.5854200228579367,0.7367549668874173,0.6355167595444953
ml-1m,128,3,25,0.6143023826798661,0.7822847682119205,0.6704325567246958
ml-1m,128,3,30,0.6289548012571381,0.8112582781456954,0.6897744659644347
ml-1m,128,3,35,0.6350215656276464,0.8286423841059603,0.6996817239814919
ml-1m,128,3,5,0.7068846578366447,0.8087748344370861,0.7424399505939241
ml-1m,128,3,10,0.7431028592452434,0.8890728476821192,0.7950222006779297
ml-1m,128,3,15,0.7512352943230427,0.9197019867549668,0.8123548281186495
ml-1m,128,3,20,0.7625919927672434,0.9437086092715232,0.8288417098961626
ml-1m,128,3,25,0.7651637776847836,0.9528145695364238,0.8346794899006464
ml-1m,128,3,30,0.7633238752816612,0.9602649006622516,0.8364912181204911
ml-1m,128,3,35,0.7638951569898815,0.9677152317880796,0.8398702169052996
ml-1m,128,3,5,0.6254966887417218,0.7102649006622517,0.654562835067802
ml-1m,128,3,10,0.6787373199831809,0.8120860927152318,0.7255162373967861
ml-1m,128,3,15,0.6949977014339598,0.859271523178808,0.7536026770516439
ml-1m,128,3,20,0.7042093375296751,0.8874172185430463,0.7700546263620248
ml-1m,128,3,25,0.7137208630783232,0.9122516556291392,0.7853693503927968
ml-1m,128,3,30,0.7175652384776563,0.9263245033112584,0.7932211027916253
ml-1m,128,3,35,0.7169670282060213,0.9329470198675496,0.7952563279743077
ml-1m,128,3,5,0.6342025386313466,0.7235099337748344,0.6634007410911384
ml-1m,128,3,10,0.701183249237885,0.8360927152317881,0.7481959160783767
ml-1m,128,3,15,0.7129663199199623,0.8832781456953642,0.7727204373109877
ml-1m,128,3,20,0.7165576958436545,0.9056291390728476,0.7836833853280779
ml-1m,128,3,25,0.7199017368433593,0.9221854304635762,0.7921939415368954
ml-1m,128,3,30,0.7260754413008065,0.9346026490066224,0.8008163292855415
ml-1m,128,3,35,0.7268440847283819,0.9445364238410596,0.8046723368934949
ml-1m,128,3,5,0.4266142384105959,0.4685430463576159,0.4406318984547461
ml-1m,128,3,10,0.5298900189214759,0.6192052980132451,0.560549015353992
ml-1m,128,3,15,0.5706025601514011,0.6986754966887417,0.6142625927711939
ml-1m,128,3,20,0.593967081701266,0.7450331125827815,0.6458975656719993
ml-1m,128,3,25,0.6131920183830629,0.7831125827814569,0.6714793167800004
ml-1m,128,3,30,0.6372581696136033,0.8170529801324503,0.6997014992443856
ml-1m,128,3,35,0.6477186414785401,0.8410596026490066,0.7148069510657449
ml-1m,128,3,5,0.6193432671081677,0.7119205298013245,0.6516346052769894
ml-1m,128,3,10,0.7004506990434143,0.8435430463576159,0.7517650248031298
ml-1m,128,3,15,0.7135396612217804,0.8832781456953642,0.7742642377554864
ml-1m,128,3,20,0.7185856105685275,0.8998344370860927,0.7842792456099974
ml-1m,128,3,25,0.7202719993278701,0.9130794701986756,0.7902529504449487
ml-1m,128,3,30,0.7199158771892196,0.9230132450331126,0.7936027744626064
ml-1m,128,3,35,0.7211243736725909,0.9312913907284768,0.7974958902107351
ml-1m,128,3,5,0.6935844370860927,0.7806291390728477,0.7237740460422579
ml-1m,128,3,10,0.7346315568169873,0.8700331125827815,0.7830423592959346
ml-1m,128,3,15,0.7379065677699783,0.9014900662251656,0.7971850326674718
ml-1m,128,3,20,0.7499309054151129,0.9271523178807948,0.8151224933254438
ml-1m,128,3,25,0.7532220146374609,0.9379139072847682,0.8213614869397128
ml-1m,128,3,30,0.7487852793844755,0.9478476821192052,0.8218577285937905
ml-1m,128,3,35,0.7468314777182345,0.9561258278145696,0.8237192437625788
ml-1m,128,3,5,0.6178945916114791,0.7086092715231788,0.6483200620203932
ml-1m,128,3,10,0.6763024939556396,0.8153973509933775,0.7243789817048202
ml-1m,128,3,15,0.6916889677651268,0.8584437086092715,0.7501267813364464
ml-1m,128,3,20,0.7035217698589338,0.8890728476821192,0.7688909566283569
ml-1m,128,3,25,0.7116295293889391,0.9072847682119204,0.7813765766607175
ml-1m,128,3,30,0.7116919877393022,0.9197019867549668,0.7860507418059003
ml-1m,128,3,35,0.7174306312327652,0.9329470198675496,0.7951753984660951
ml-1m,256,3,5,0.6996274834437087,0.7847682119205298,0.7291279039209502
ml-1m,256,3,10,0.7598792441921581,0.8865894039735099,0.8053173262285502
ml-1m,256,3,15,0.7856787413285757,0.9321192052980132,0.8389030245472062
ml-1m,256,3,20,0.7899339413755689,0.9511589403973508,0.8497458859712502
ml-1m,256,3,25,0.7950829871948986,0.9660596026490066,0.8593920489938277
ml-1m,256,3,30,0.7919306997947515,0.9701986754966888,0.8594571278325297
ml-1m,256,3,35,0.7888880901650606,0.9735099337748344,0.859440033328576
ml-1m,256,3,5,0.6919426048565122,0.7748344370860927,0.7216348680752654
ml-1m,256,3,10,0.7536138047934405,0.8741721854304636,0.7976389565058629
ml-1m,256,3,15,0.7733415958581522,0.9105960264900662,0.8244347232374329
ml-1m,256,3,20,0.7873354705289768,0.9395695364238412,0.8449703701956143
ml-1m,256,3,25,0.7847752902683592,0.9486754966887416,0.8471383908188401
ml-1m,256,3,30,0.7880953801500309,0.9602649006622516,0.8543885353364407
ml-1m,256,3,35,0.7893748159988169,0.968543046357616,0.8586406361903549
ml-1m,256,3,5,0.6959575055187637,0.7789735099337748,0.7248672868705981
ml-1m,256,3,10,0.7570512062440871,0.8758278145695364,0.8008828799373773
ml-1m,256,3,15,0.7710558228563195,0.9172185430463576,0.8249543479468316
ml-1m,256,3,20,0.7739606531586726,0.933774834437086,0.8333065414416422
ml-1m,256,3,25,0.782238530301072,0.956953642384106,0.8474010847025977
ml-1m,256,3,30,0.7856795379137382,0.9644039735099338,0.8534849999797421
ml-1m,256,3,35,0.78776454414225,0.9718543046357616,0.8580595165042265
ml-1m,256,3,5,0.6892246136865342,0.7632450331125827,0.7154026069588983
ml-1m,256,3,10,0.7456657994323558,0.8600993377483444,0.7873991268241801
ml-1m,256,3,15,0.7573302663120544,0.902317880794702,0.8107362711037537
ml-1m,256,3,20,0.7679221312438591,0.9271523178807948,0.82736909826221
ml-1m,256,3,25,0.7734193699970423,0.9461920529801324,0.8383025686703607
ml-1m,256,3,30,0.7784453574705721,0.9619205298013244,0.84782603891689
ml-1m,256,3,35,0.7802310261472496,0.9677152317880796,0.8516531117794208
ml-1m,256,3,5,0.6963576158940397,0.7855960264900662,0.727524177441396
ml-1m,256,3,10,0.7544685561862714,0.8857615894039735,0.8021658748728542
ml-1m,256,3,15,0.7642992676933074,0.9205298013245032,0.8221478132480232
ml-1m,256,3,20,0.7740283194226398,0.945364238410596,0.8386358386385298
ml-1m,256,3,25,0.7778861157067086,0.961092715231788,0.8467117276605857
ml-1m,256,3,30,0.7793857776425316,0.968543046357616,0.8511904122012579
ml-1m,256,3,35,0.7795323776226611,0.972682119205298,0.8535627048589073
ml-1m,256,3,5,0.6904387417218543,0.7740066225165563,0.7186442236938926
ml-1m,256,3,10,0.7501350126143173,0.875,0.7953740224602818
ml-1m,256,3,15,0.7688329514488454,0.9155629139072848,0.8233773040693093
ml-1m,256,3,20,0.782201872596116,0.9370860927152318,0.8407784154247208
ml-1m,256,3,25,0.7812475589696681,0.9519867549668874,0.8459260443220487
ml-1m,256,3,30,0.7838530699241548,0.9668874172185432,0.8531095976105234
ml-1m,256,3,35,0.7817466052686249,0.9718543046357616,0.8539742400698452
ml-1m,256,3,5,0.6729442604856513,0.7475165562913907,0.6994297277409861
ml-1m,256,3,10,0.7510124303584568,0.8733443708609272,0.7950008600528612
ml-1m,256,3,15,0.7762061453079664,0.9246688741721856,0.8306329537432388
ml-1m,256,3,20,0.7812176200615053,0.9437086092715232,0.8418966399820661
ml-1m,256,3,25,0.7874586718674923,0.9602649006622516,0.8527942824182557
ml-1m,256,3,30,0.7889169979656068,0.968543046357616,0.8572108758159683
ml-1m,256,3,35,0.7906263666039971,0.9776490066225164,0.8622792598212329
ml-1m,256,3,5,0.6953366445916115,0.777317880794702,0.7239888836329234
ml-1m,256,3,10,0.7627371754441291,0.8882450331125827,0.8085292153629784
ml-1m,256,3,15,0.7790840184466011,0.9246688741721856,0.8331000503996064
ml-1m,256,3,20,0.7898002590925354,0.949503311258278,0.8495790704156084
ml-1m,256,3,25,0.7890217802648448,0.961092715231788,0.8535934246593329
ml-1m,256,3,30,0.7884843876388311,0.9710264900662252,0.8571356731445259
ml-1m,256,3,35,0.7851338521023422,0.9768211920529799,0.8571425331568423
ml-1m,256,3,5,0.6957091611479029,0.7905629139072847,0.7287862661620942
ml-1m,256,3,10,0.7562233916745505,0.8882450331125827,0.8045791191417357
ml-1m,256,3,15,0.7813342998980417,0.9370860927152318,0.8387463832711325
ml-1m,256,3,20,0.7855110599239651,0.9528145695364238,0.8487205020849525
ml-1m,256,3,25,0.7908150579051889,0.9644039735099338,0.8572977846016651
ml-1m,256,3,30,0.7904918052632887,0.9693708609271524,0.8598118707752057
ml-1m,256,3,35,0.7911063521600114,0.9784768211920528,0.8634298541337178
ml-1m,256,3,5,0.6974751655629139,0.777317880794702,0.7252253495217071
ml-1m,256,3,10,0.7648362766740251,0.8841059602649006,0.8079127666720316
ml-1m,256,3,15,0.78486082304377,0.9271523178807948,0.8376518535524277
ml-1m,256,3,20,0.7899369276200464,0.9445364238410596,0.8481870288886799
ml-1m,256,3,25,0.7947415868673545,0.9619205298013244,0.8577587970892577
ml-1m,256,3,30,0.7897959247143681,0.9660596026490066,0.8569593794556326
ml-1m,256,3,35,0.7902532635834721,0.9768211920529799,0.8614926035089111
ml-1m,512,3,5,0.6468818984547462,0.722682119205298,0.6731676390202881
ml-1m,512,3,10,0.7108358299169557,0.8385761589403974,0.7562836425347446
ml-1m,512,3,15,0.7383982279677643,0.8890728476821192,0.7932193928898639
ml-1m,512,3,20,0.7588074866634469,0.9246688741721856,0.8204463633341811
ml-1m,512,3,25,0.7552080353387028,0.9354304635761588,0.8223706657439247
ml-1m,512,3,30,0.7610685368916781,0.9478476821192052,0.8313718164134113
ml-1m,512,3,35,0.7594461818697409,0.9519867549668874,0.8324299280733164
ml-1m,512,3,5,0.6025524282560706,0.6754966887417219,0.6276811994113318
ml-1m,512,3,10,0.6915618758540943,0.8120860927152318,0.7346565159821213
ml-1m,512,3,15,0.7267633465688101,0.8725165562913907,0.7792647578408181
ml-1m,512,3,20,0.7378367815573402,0.9006622516556292,0.7971686090500213
ml-1m,512,3,25,0.7489907003030298,0.9238410596026492,0.8132532454024073
ml-1m,512,3,30,0.7575315714516788,0.9403973509933776,0.824984800350247
ml-1m,512,3,35,0.7598507155876725,0.9503311258278144,0.8307226898344595
ml-1m,512,3,5,0.6389486754966888,0.7160596026490066,0.6655326921055398
ml-1m,512,3,10,0.7299034873331229,0.8493377483443708,0.7731972139609946
ml-1m,512,3,15,0.7585447182508441,0.9056291390728476,0.8127209241776477
ml-1m,512,3,20,0.7640726662042887,0.9279801324503312,0.8255145930877965
ml-1m,512,3,25,0.7712475660933312,0.9461920529801324,0.8369280419351464
ml-1m,512,3,30,0.7728754236113368,0.9586092715231788,0.84253841985806
ml-1m,512,3,35,0.7717320270585095,0.9652317880794702,0.8446981411110722
ml-1m,512,3,5,0.6024558498896248,0.6639072847682119,0.6240913749605802
ml-1m,512,3,10,0.6945899689898034,0.8046357615894041,0.7341684935837951
ml-1m,512,3,15,0.7279085337032356,0.8650662251655629,0.7779642448159994
ml-1m,512,3,20,0.7455099888911245,0.902317880794702,0.8035999704541451
ml-1m,512,3,25,0.7494672127560393,0.9221854304635762,0.8139622391070286
ml-1m,512,3,30,0.7541039665221281,0.9395695364238412,0.8233554763637887
ml-1m,512,3,35,0.7588860462237127,0.9511589403973508,0.8309412406940918
ml-1m,512,3,5,0.6279111479028697,0.6945364238410596,0.6509835225480921
ml-1m,512,3,10,0.7058768264480185,0.8137417218543046,0.7449807560259937
ml-1m,512,3,15,0.730985756792876,0.8733443708609272,0.7825303919317339
ml-1m,512,3,20,0.7428426331189193,0.9048013245033112,0.8022022984745258
ml-1m,512,3,25,0.7454567819229542,0.9279801324503312,0.8123541217309203
ml-1m,512,3,30,0.7474200395144681,0.9395695364238412,0.8183915875841388
ml-1m,512,3,35,0.7520257873623796,0.9511589403973508,0.8259607069393501
ml-1m,512,3,5,0.6252621412803532,0.6920529801324503,0.6485263586670872
ml-1m,512,3,10,0.6986978345422054,0.8087748344370861,0.7380739189627432
ml-1m,512,3,15,0.7267536110872203,0.8700331125827815,0.7785638851923338
ml-1m,512,3,20,0.7438012434342051,0.9072847682119204,0.8028902193585744
ml-1m,512,3,25,0.7527267610575101,0.9279801324503312,0.8171817108079423
ml-1m,512,3,30,0.7585692939419069,0.9470198675496688,0.8277718956058082
ml-1m,512,3,35,0.7635456887349008,0.956953642384106,0.8354913619537434
ml-1m,512,3,5,0.6398454746136866,0.7127483443708609,0.6649170871439083
ml-1m,512,3,10,0.7257897088195101,0.8402317880794702,0.7668150045913485
ml-1m,512,3,15,0.7495447111755058,0.8915562913907285,0.8017051190789054
ml-1m,512,3,20,0.7654064831929314,0.9221854304635762,0.823853259970935
ml-1m,512,3,25,0.7758213868213574,0.9461920529801324,0.8399143754545526
ml-1m,512,3,30,0.7776470760049105,0.9552980132450332,0.8448178818281669
ml-1m,512,3,35,0.772322878610555,0.9594370860927152,0.8431487379511753
ml-1m,512,3,5,0.6012693156732891,0.6746688741721855,0.6263448701776516
ml-1m,512,3,10,0.6935745821507411,0.8170529801324503,0.7362424507925092
ml-1m,512,3,15,0.7371513879792027,0.8899006622516556,0.7921001130902234
ml-1m,512,3,20,0.7515970343663176,0.9213576158940396,0.813709770371947
ml-1m,512,3,25,0.7549759310542951,0.9379139072847682,0.8219981864887379
ml-1m,512,3,30,0.7618279147180406,0.9528145695364238,0.8321223235996964
ml-1m,512,3,35,0.7641934586953614,0.9602649006622516,0.8378172218000264
ml-1m,512,3,5,0.6357891832229581,0.7110927152317881,0.6615164774519079
ml-1m,512,3,10,0.7085734652580679,0.8245033112582781,0.7506688046716598
ml-1m,512,3,15,0.7303646225003841,0.8791390728476821,0.7848715948517725
ml-1m,512,3,20,0.7436993227550054,0.9081125827814568,0.8053242815448871
ml-1m,512,3,25,0.7539618096810345,0.9304635761589404,0.8205987078166093
ml-1m,512,3,30,0.7558829143567779,0.9437086092715232,0.8274561817365014
ml-1m,512,3,35,0.7570353585717801,0.9544701986754968,0.8322259936984445
ml-1m,512,3,5,0.5735927152317879,0.6341059602649006,0.5937434300430988
ml-1m,512,3,10,0.6857609324082834,0.7988410596026491,0.7248309194160383
ml-1m,512,3,15,0.7201467935118596,0.8642384105960265,0.7712717962318858
ml-1m,512,3,20,0.7421628236094296,0.906456953642384,0.8014050520990769
ml-1m,512,3,25,0.7474002567212117,0.9230132450331126,0.8120672232244582
ml-1m,512,3,30,0.7512916380742461,0.9420529801324504,0.8215676095456971
ml-1m,512,3,35,0.7536761334904634,0.9528145695364238,0.8279749352450184
